{"coef": [49.050872650498306, -49.31362282317353, 573.906249101688, 33.05610369713881, 3.6771195568917108, 97.63933876784468, -603.1464409760079, -4511.623570605916, -580.3168295373332, 33.50780848927184, 2.238824620475043, -99.20412788517854, 191.40366909033537, 3309.8094593354485, -3309.80945933544, -709.5978960740575, 709.5978960740763, -62.43685371506024, 62.43685371503196, 2381.2021081819953, -1339.8163120101924, -688.2296450323001, 122.30666435332665, -475.4628154929212, -253.21305309151012, -608.5045952743433, 861.7176483658725, -3279.163961328105, 3279.163961328091, 61.984241519978056, -8434.451597106796, 522.9405634529966, 5484.30799526913, 2699.977744355303, -3154.7419976480987, 2819.983050157496, 5633.826570682385, -2869.4579204570987, -4527.1909693651105, -559.3818630363706, 4529.7962800318755, -5027.575148013175, 2819.9830501574975, 529.2505424631021, 402.055034528643, -1327.2985225218947, 3309.809459335456, 0.0, 266.58412645172183, -2458.4469220220662, -721.9537182349724], "intercept": -34511.348619963384}